CREATE DATABASE  IF NOT EXISTS `ulu8fbsvef0qz3iv` /*!40100 DEFAULT CHARACTER SET latin1 */;
USE `ulu8fbsvef0qz3iv`;
-- MySQL dump 10.13  Distrib 5.7.12, for osx10.9 (x86_64)
--
-- Host: localhost    Database: ulu8fbsvef0qz3iv
-- ------------------------------------------------------
-- Server version	5.7.16

/*!40101 SET @OLD_CHARACTER_SET_CLIENT=@@CHARACTER_SET_CLIENT */;
/*!40101 SET @OLD_CHARACTER_SET_RESULTS=@@CHARACTER_SET_RESULTS */;
/*!40101 SET @OLD_COLLATION_CONNECTION=@@COLLATION_CONNECTION */;
/*!40101 SET NAMES utf8 */;
/*!40103 SET @OLD_TIME_ZONE=@@TIME_ZONE */;
/*!40103 SET TIME_ZONE='+00:00' */;
/*!40014 SET @OLD_UNIQUE_CHECKS=@@UNIQUE_CHECKS, UNIQUE_CHECKS=0 */;
/*!40014 SET @OLD_FOREIGN_KEY_CHECKS=@@FOREIGN_KEY_CHECKS, FOREIGN_KEY_CHECKS=0 */;
/*!40101 SET @OLD_SQL_MODE=@@SQL_MODE, SQL_MODE='NO_AUTO_VALUE_ON_ZERO' */;
/*!40111 SET @OLD_SQL_NOTES=@@SQL_NOTES, SQL_NOTES=0 */;

--
-- Table structure for table `availabletime`
--

DROP TABLE IF EXISTS `availabletime`;
/*!40101 SET @saved_cs_client     = @@character_set_client */;
/*!40101 SET character_set_client = utf8 */;
CREATE TABLE `availabletime` (
  `meetingid` int(11) DEFAULT NULL,
  `user` varchar(45) DEFAULT NULL,
  `startDate` datetime DEFAULT NULL,
  `endDate` datetime DEFAULT NULL,
  KEY `meetid_idx` (`meetingid`),
  KEY `uid_idx` (`user`),
  CONSTRAINT `meetid` FOREIGN KEY (`meetingid`) REFERENCES `meetingRequest` (`meeting_Id`) ON DELETE NO ACTION ON UPDATE NO ACTION,
  CONSTRAINT `uid` FOREIGN KEY (`user`) REFERENCES `users` (`users_number`) ON DELETE NO ACTION ON UPDATE NO ACTION
) ENGINE=InnoDB DEFAULT CHARSET=latin1;
/*!40101 SET character_set_client = @saved_cs_client */;

--
-- Dumping data for table `availabletime`
--

LOCK TABLES `availabletime` WRITE;
/*!40000 ALTER TABLE `availabletime` DISABLE KEYS */;
INSERT INTO `availabletime` VALUES (87,'3199309832','2016-12-10 16:00:00','2016-12-10 18:00:00'),(87,'3199309832','2016-12-10 17:00:00','2016-12-10 19:00:00'),(88,'3199309832','2016-12-10 16:00:00','2016-12-10 18:00:00'),(88,'3199309832','2016-12-10 17:00:00','2016-12-10 19:00:00'),(89,'3199309832','2016-12-10 16:00:00','2016-12-10 18:00:00'),(89,'3199309832','2016-12-10 17:00:00','2016-12-10 19:00:00'),(89,'3195122079','2016-12-10 13:00:00','2016-12-10 15:00:00'),(89,'3195122079','2016-12-10 14:00:00','2016-12-10 16:00:00'),(89,'3195122079','2016-12-10 15:00:00','2016-12-10 17:00:00'),(89,'3195122079','2016-12-10 16:00:00','2016-12-10 18:00:00'),(90,'3199309832','2016-12-10 16:00:00','2016-12-10 18:00:00'),(90,'3199309832','2016-12-10 17:00:00','2016-12-10 19:00:00'),(90,'3195122079','2016-12-10 13:00:00','2016-12-10 15:00:00'),(90,'3195122079','2016-12-10 14:00:00','2016-12-10 16:00:00'),(90,'3195122079','2016-12-10 15:00:00','2016-12-10 17:00:00'),(90,'3195122079','2016-12-10 16:00:00','2016-12-10 18:00:00'),(92,'3195122079','2016-12-09 13:00:00','2016-12-09 15:00:00'),(92,'3195122079','2016-12-09 14:00:00','2016-12-09 16:00:00'),(92,'3195122079','2016-12-09 15:00:00','2016-12-09 17:00:00'),(92,'3195122079','2016-12-09 16:00:00','2016-12-09 18:00:00'),(92,'3195122079','2016-12-09 17:00:00','2016-12-09 19:00:00'),(92,'3195122079','2016-12-09 18:00:00','2016-12-09 20:00:00'),(92,'3195122079','2016-12-09 19:00:00','2016-12-09 21:00:00'),(92,'3195122079','2016-12-09 20:00:00','2016-12-09 22:00:00'),(92,'3195122079','2016-12-09 21:00:00','2016-12-09 23:00:00'),(92,'3195122079','2016-12-09 22:00:00','2016-12-10 00:00:00'),(92,'3195122079','2016-12-09 23:00:00','2016-12-10 01:00:00'),(92,'3195122079','2016-12-10 00:00:00','2016-12-10 02:00:00'),(92,'3195122079','2016-12-10 01:00:00','2016-12-10 03:00:00'),(92,'3195122079','2016-12-10 13:00:00','2016-12-10 15:00:00'),(92,'3195122079','2016-12-10 14:00:00','2016-12-10 16:00:00'),(92,'3195122079','2016-12-10 15:00:00','2016-12-10 17:00:00'),(92,'3195122079','2016-12-10 16:00:00','2016-12-10 18:00:00'),(92,'3195122079','2016-12-10 17:00:00','2016-12-10 19:00:00'),(92,'3195122079','2016-12-10 18:00:00','2016-12-10 20:00:00'),(92,'3195122079','2016-12-10 19:00:00','2016-12-10 21:00:00'),(92,'3195122079','2016-12-10 20:00:00','2016-12-10 22:00:00'),(92,'3195122079','2016-12-10 21:00:00','2016-12-10 23:00:00'),(92,'3195122079','2016-12-10 22:00:00','2016-12-11 00:00:00'),(92,'3195122079','2016-12-10 23:00:00','2016-12-11 01:00:00'),(92,'3195122079','2016-12-11 00:00:00','2016-12-11 02:00:00'),(92,'3195122079','2016-12-11 01:00:00','2016-12-11 03:00:00'),(93,'3199309832','2016-12-09 13:00:00','2016-12-09 14:00:00'),(93,'3199309832','2016-12-09 14:00:00','2016-12-09 15:00:00'),(93,'3199309832','2016-12-09 15:00:00','2016-12-09 16:00:00'),(93,'3199309832','2016-12-09 16:00:00','2016-12-09 17:00:00'),(93,'3199309832','2016-12-09 17:00:00','2016-12-09 18:00:00'),(93,'3199309832','2016-12-09 18:00:00','2016-12-09 19:00:00'),(93,'3199309832','2016-12-09 19:00:00','2016-12-09 20:00:00'),(93,'3199309832','2016-12-09 20:00:00','2016-12-09 21:00:00'),(93,'3199309832','2016-12-09 21:00:00','2016-12-09 22:00:00'),(93,'3199309832','2016-12-09 22:00:00','2016-12-09 23:00:00'),(93,'3199309832','2016-12-09 23:00:00','2016-12-10 00:00:00'),(93,'3199309832','2016-12-10 00:00:00','2016-12-10 01:00:00'),(93,'3199309832','2016-12-10 01:00:00','2016-12-10 02:00:00'),(93,'3199309832','2016-12-10 02:00:00','2016-12-10 03:00:00'),(93,'3199309832','2016-12-10 18:00:00','2016-12-10 19:00:00'),(93,'3199309832','2016-12-10 19:00:00','2016-12-10 20:00:00'),(93,'3199309832','2016-12-10 20:00:00','2016-12-10 21:00:00'),(93,'3199309832','2016-12-10 21:00:00','2016-12-10 22:00:00'),(93,'3199309832','2016-12-10 22:00:00','2016-12-10 23:00:00'),(93,'3199309832','2016-12-10 23:00:00','2016-12-11 00:00:00'),(93,'3199309832','2016-12-11 00:00:00','2016-12-11 01:00:00'),(93,'3199309832','2016-12-11 01:00:00','2016-12-11 02:00:00'),(93,'3199309832','2016-12-11 02:00:00','2016-12-11 03:00:00'),(93,'3195122079','2016-12-09 13:00:00','2016-12-09 14:00:00'),(93,'3195122079','2016-12-09 14:00:00','2016-12-09 15:00:00'),(93,'3195122079','2016-12-09 15:00:00','2016-12-09 16:00:00'),(93,'3195122079','2016-12-09 16:00:00','2016-12-09 17:00:00'),(93,'3195122079','2016-12-09 17:00:00','2016-12-09 18:00:00'),(93,'3195122079','2016-12-09 18:00:00','2016-12-09 19:00:00'),(93,'3195122079','2016-12-09 19:00:00','2016-12-09 20:00:00'),(93,'3195122079','2016-12-09 20:00:00','2016-12-09 21:00:00'),(93,'3195122079','2016-12-09 21:00:00','2016-12-09 22:00:00'),(93,'3195122079','2016-12-09 22:00:00','2016-12-09 23:00:00'),(93,'3195122079','2016-12-09 23:00:00','2016-12-10 00:00:00'),(93,'3195122079','2016-12-10 00:00:00','2016-12-10 01:00:00'),(93,'3195122079','2016-12-10 01:00:00','2016-12-10 02:00:00'),(93,'3195122079','2016-12-10 02:00:00','2016-12-10 03:00:00'),(93,'3195122079','2016-12-10 13:00:00','2016-12-10 14:00:00'),(93,'3195122079','2016-12-10 14:00:00','2016-12-10 15:00:00'),(93,'3195122079','2016-12-10 15:00:00','2016-12-10 16:00:00'),(93,'3195122079','2016-12-10 16:00:00','2016-12-10 17:00:00'),(93,'3195122079','2016-12-10 17:00:00','2016-12-10 18:00:00'),(93,'3195122079','2016-12-10 18:00:00','2016-12-10 19:00:00'),(93,'3195122079','2016-12-10 19:00:00','2016-12-10 20:00:00'),(93,'3195122079','2016-12-10 20:00:00','2016-12-10 21:00:00'),(93,'3195122079','2016-12-10 21:00:00','2016-12-10 22:00:00'),(93,'3195122079','2016-12-10 22:00:00','2016-12-10 23:00:00'),(93,'3195122079','2016-12-10 23:00:00','2016-12-11 00:00:00'),(93,'3195122079','2016-12-11 00:00:00','2016-12-11 01:00:00'),(93,'3195122079','2016-12-11 01:00:00','2016-12-11 02:00:00'),(93,'3195122079','2016-12-11 02:00:00','2016-12-11 03:00:00'),(94,'3195122079','2016-12-08 13:00:00','2016-12-08 15:00:00'),(94,'3195122079','2016-12-08 14:00:00','2016-12-08 16:00:00'),(94,'3195122079','2016-12-08 15:00:00','2016-12-08 17:00:00'),(94,'3195122079','2016-12-08 16:00:00','2016-12-08 18:00:00'),(94,'3195122079','2016-12-08 17:00:00','2016-12-08 19:00:00'),(94,'3195122079','2016-12-08 18:00:00','2016-12-08 20:00:00'),(94,'3195122079','2016-12-08 19:00:00','2016-12-08 21:00:00'),(94,'3195122079','2016-12-08 20:00:00','2016-12-08 22:00:00'),(94,'3195122079','2016-12-08 21:00:00','2016-12-08 23:00:00'),(94,'3195122079','2016-12-08 22:00:00','2016-12-09 00:00:00'),(94,'3195122079','2016-12-08 23:00:00','2016-12-09 01:00:00'),(94,'3195122079','2016-12-09 00:00:00','2016-12-09 02:00:00'),(94,'3195122079','2016-12-09 01:00:00','2016-12-09 03:00:00'),(94,'3195122079','2016-12-09 14:00:00','2016-12-09 16:00:00'),(94,'3195122079','2016-12-09 15:00:00','2016-12-09 17:00:00'),(94,'3195122079','2016-12-09 16:00:00','2016-12-09 18:00:00'),(94,'3195122079','2016-12-09 17:00:00','2016-12-09 19:00:00'),(94,'3195122079','2016-12-09 18:00:00','2016-12-09 20:00:00'),(94,'3195122079','2016-12-09 19:00:00','2016-12-09 21:00:00'),(94,'3195122079','2016-12-09 20:00:00','2016-12-09 22:00:00'),(94,'3195122079','2016-12-09 21:00:00','2016-12-09 23:00:00'),(94,'3195122079','2016-12-09 22:00:00','2016-12-10 00:00:00'),(94,'3195122079','2016-12-09 23:00:00','2016-12-10 01:00:00'),(94,'3195122079','2016-12-10 00:00:00','2016-12-10 02:00:00'),(94,'3195122079','2016-12-10 01:00:00','2016-12-10 03:00:00');
/*!40000 ALTER TABLE `availabletime` ENABLE KEYS */;
UNLOCK TABLES;

--
-- Table structure for table `meetingRequest`
--

DROP TABLE IF EXISTS `meetingRequest`;
/*!40101 SET @saved_cs_client     = @@character_set_client */;
/*!40101 SET character_set_client = utf8 */;
CREATE TABLE `meetingRequest` (
  `meeting_Id` int(11) NOT NULL AUTO_INCREMENT,
  `meetingowner` varchar(45) DEFAULT NULL,
  `participantsCount` int(11) DEFAULT NULL,
  `approvedCount` int(11) DEFAULT NULL,
  `rangeStart` datetime DEFAULT NULL,
  `rangeEnd` datetime DEFAULT NULL,
  `meetingduration` decimal(4,2) DEFAULT NULL,
  `status` varchar(10) DEFAULT NULL,
  `finalstarttime` datetime DEFAULT NULL,
  `location` varchar(150) DEFAULT NULL,
  `title` varchar(45) DEFAULT NULL,
  PRIMARY KEY (`meeting_Id`)
) ENGINE=InnoDB AUTO_INCREMENT=95 DEFAULT CHARSET=latin1;
/*!40101 SET character_set_client = @saved_cs_client */;

--
-- Dumping data for table `meetingRequest`
--

LOCK TABLES `meetingRequest` WRITE;
/*!40000 ALTER TABLE `meetingRequest` DISABLE KEYS */;
INSERT INTO `meetingRequest` VALUES (87,'3199309832',2,1,'2016-12-10 03:00:00','2016-12-10 19:00:00',2.00,'pending',NULL,'Houston, TX, USA',NULL),(88,'3199309832',2,1,'2016-12-10 03:00:00','2016-12-10 19:00:00',2.00,'pending',NULL,'Houston, TX, USA',NULL),(89,'3199309832',2,0,'2016-12-10 03:00:00','2016-12-10 19:00:00',2.00,'suggested',NULL,'State of São Paulo, Brazil','Testing'),(90,'3199309832',2,2,'2016-12-10 03:00:00','2016-12-10 19:00:00',2.00,'Done','2016-12-10 16:00:00','2, Kingfisher Court, 281 Farnham Rd, Slough SL2 1JF, UK','My title'),(91,'3199309832',2,0,'2016-12-10 16:00:00','2016-12-09 07:00:00',1.25,'pending',NULL,'Helsinki, Finland','my melting'),(92,'3195122079',2,1,'2016-12-09 08:00:00','2016-12-11 08:00:00',2.00,'pending',NULL,'Iowa City, IA, USA','meet'),(93,'3199309832',2,2,'2016-12-09 08:00:00','2016-12-11 08:00:00',1.00,'Done','2016-12-10 19:00:00','California, USA','Kalyan Rocks'),(94,'3195122079',2,1,'2016-12-08 09:00:00','2016-12-10 09:00:00',2.00,'pending',NULL,'Iowa City, IA, USA','ma');
/*!40000 ALTER TABLE `meetingRequest` ENABLE KEYS */;
UNLOCK TABLES;

--
-- Table structure for table `meetingparticipants`
--

DROP TABLE IF EXISTS `meetingparticipants`;
/*!40101 SET @saved_cs_client     = @@character_set_client */;
/*!40101 SET character_set_client = utf8 */;
CREATE TABLE `meetingparticipants` (
  `meetingid` int(11) NOT NULL,
  `user` varchar(45) NOT NULL,
  PRIMARY KEY (`meetingid`,`user`),
  KEY `uid_idx` (`user`)
) ENGINE=InnoDB DEFAULT CHARSET=latin1;
/*!40101 SET character_set_client = @saved_cs_client */;

--
-- Dumping data for table `meetingparticipants`
--

LOCK TABLES `meetingparticipants` WRITE;
/*!40000 ALTER TABLE `meetingparticipants` DISABLE KEYS */;
INSERT INTO `meetingparticipants` VALUES (77,'3195122079'),(78,'3195122079'),(79,'3195122079'),(80,'3195122079'),(81,'3195122079'),(82,'3195122079'),(83,'3195122079'),(84,'3195122079'),(85,'3195122079'),(86,'3195122079'),(87,'3195122079'),(88,'3195122079'),(89,'3195122079'),(90,'3195122079'),(91,'3195122079'),(93,'3195122079'),(92,'3199309832'),(94,'3199309832');
/*!40000 ALTER TABLE `meetingparticipants` ENABLE KEYS */;
UNLOCK TABLES;

--
-- Table structure for table `meetingrankings`
--

DROP TABLE IF EXISTS `meetingrankings`;
/*!40101 SET @saved_cs_client     = @@character_set_client */;
/*!40101 SET character_set_client = utf8 */;
CREATE TABLE `meetingrankings` (
  `meetingid` int(11) DEFAULT NULL,
  `user` varchar(45) DEFAULT NULL,
  `starttime` datetime DEFAULT NULL,
  `endtime` datetime DEFAULT NULL,
  `rank` int(11) DEFAULT NULL
) ENGINE=InnoDB DEFAULT CHARSET=latin1;
/*!40101 SET character_set_client = @saved_cs_client */;

--
-- Dumping data for table `meetingrankings`
--

LOCK TABLES `meetingrankings` WRITE;
/*!40000 ALTER TABLE `meetingrankings` DISABLE KEYS */;
INSERT INTO `meetingrankings` VALUES (93,'3195122079','2016-12-10 19:00:00','2016-12-10 20:00:00',1),(93,'3195122079','2016-12-09 23:00:00','2016-12-10 00:00:00',2),(93,'3195122079','2016-12-10 20:00:00','2016-12-10 21:00:00',3),(93,'3199309832','2016-12-10 19:00:00','2016-12-10 20:00:00',1),(93,'3199309832','2016-12-09 23:00:00','2016-12-10 00:00:00',2),(93,'3199309832','2016-12-10 20:00:00','2016-12-10 21:00:00',3);
/*!40000 ALTER TABLE `meetingrankings` ENABLE KEYS */;
UNLOCK TABLES;

--
-- Table structure for table `meetingsuggestions`
--

DROP TABLE IF EXISTS `meetingsuggestions`;
/*!40101 SET @saved_cs_client     = @@character_set_client */;
/*!40101 SET character_set_client = utf8 */;
CREATE TABLE `meetingsuggestions` (
  `meetingid` int(11) NOT NULL,
  `starttime` datetime DEFAULT NULL,
  `endtime` datetime DEFAULT NULL
) ENGINE=InnoDB DEFAULT CHARSET=latin1;
/*!40101 SET character_set_client = @saved_cs_client */;

--
-- Dumping data for table `meetingsuggestions`
--

LOCK TABLES `meetingsuggestions` WRITE;
/*!40000 ALTER TABLE `meetingsuggestions` DISABLE KEYS */;
INSERT INTO `meetingsuggestions` VALUES (89,'2016-12-10 16:00:00','2016-12-10 18:00:00'),(90,'2016-12-10 16:00:00','2016-12-10 18:00:00'),(93,'2016-12-10 19:00:00','2016-12-10 20:00:00'),(93,'2016-12-09 23:00:00','2016-12-10 00:00:00'),(93,'2016-12-10 20:00:00','2016-12-10 21:00:00'),(93,'2016-12-09 13:00:00','2016-12-09 14:00:00'),(93,'2016-12-10 00:00:00','2016-12-10 01:00:00'),(93,'2016-12-10 21:00:00','2016-12-10 22:00:00'),(93,'2016-12-09 14:00:00','2016-12-09 15:00:00'),(93,'2016-12-10 01:00:00','2016-12-10 02:00:00'),(93,'2016-12-10 22:00:00','2016-12-10 23:00:00'),(93,'2016-12-09 15:00:00','2016-12-09 16:00:00'),(93,'2016-12-10 02:00:00','2016-12-10 03:00:00'),(93,'2016-12-10 23:00:00','2016-12-11 00:00:00'),(93,'2016-12-09 16:00:00','2016-12-09 17:00:00'),(93,'2016-12-11 00:00:00','2016-12-11 01:00:00'),(93,'2016-12-09 17:00:00','2016-12-09 18:00:00'),(93,'2016-12-11 01:00:00','2016-12-11 02:00:00'),(93,'2016-12-09 18:00:00','2016-12-09 19:00:00'),(93,'2016-12-11 02:00:00','2016-12-11 03:00:00'),(93,'2016-12-09 19:00:00','2016-12-09 20:00:00'),(93,'2016-12-09 20:00:00','2016-12-09 21:00:00'),(93,'2016-12-09 21:00:00','2016-12-09 22:00:00'),(93,'2016-12-10 18:00:00','2016-12-10 19:00:00'),(93,'2016-12-09 22:00:00','2016-12-09 23:00:00');
/*!40000 ALTER TABLE `meetingsuggestions` ENABLE KEYS */;
UNLOCK TABLES;

--
-- Table structure for table `users`
--

DROP TABLE IF EXISTS `users`;
/*!40101 SET @saved_cs_client     = @@character_set_client */;
/*!40101 SET character_set_client = utf8 */;
CREATE TABLE `users` (
  `users_number` varchar(50) NOT NULL,
  `user_device_id` varchar(200) DEFAULT NULL,
  PRIMARY KEY (`users_number`)
) ENGINE=InnoDB DEFAULT CHARSET=latin1;
/*!40101 SET character_set_client = @saved_cs_client */;

--
-- Dumping data for table `users`
--

LOCK TABLES `users` WRITE;
/*!40000 ALTER TABLE `users` DISABLE KEYS */;
INSERT INTO `users` VALUES ('3195122079','3fcee89b95e4bc6825be56620df8c333a926e5c3d1e8d6bb5399eb147c3ae030'),('3199309832','6924212be550ca41644d3e7e316f2e1a87d554a505ee1de76af4fb715ce968b7'),('9528552671','5b89f9bfe5e56f20f71da476442da380137f1756985268330306f6551f7241a9');
/*!40000 ALTER TABLE `users` ENABLE KEYS */;
UNLOCK TABLES;
/*!40103 SET TIME_ZONE=@OLD_TIME_ZONE */;

/*!40101 SET SQL_MODE=@OLD_SQL_MODE */;
/*!40014 SET FOREIGN_KEY_CHECKS=@OLD_FOREIGN_KEY_CHECKS */;
/*!40014 SET UNIQUE_CHECKS=@OLD_UNIQUE_CHECKS */;
/*!40101 SET CHARACTER_SET_CLIENT=@OLD_CHARACTER_SET_CLIENT */;
/*!40101 SET CHARACTER_SET_RESULTS=@OLD_CHARACTER_SET_RESULTS */;
/*!40101 SET COLLATION_CONNECTION=@OLD_COLLATION_CONNECTION */;
/*!40111 SET SQL_NOTES=@OLD_SQL_NOTES */;

-- Dump completed on 2016-12-07  3:57:39
